order,species,Stem,ID,unique,rand4,excu,1,f,excu1f,275,EXCU,1,3,EXCU13,118,ALLI,1,11,ALLI111,2010,ripi,1,b,ripi1b,2621,lepa,1,c,lepa1c,2623,ripi,1,c,ripi1c,924,PELI,1,7,PELI17,935,ACPA,1,10,ACPA110,2543,peli,1,k,peli1k,2544,olst,1,e,olst1e,2046,eute,1,b,eute1b,552,anba,1,l,anba1l,359,ACPA,1,8,ACPA18,260,cali,1,l,cali1l,2761,olst,1,j,olst1j,164,MEDE,1,12,MEDE112,1466,PELI,1,2,PELI12,1769,cota,1,a,cota1a,1370,mede,1,a,mede1a,1871,hase,1,j,hase1j,373,PELI,1,13,PELI113,2977,EUSC,1,6,EUSC16,3078,olst,1,i,olst1i,280,EXCU,1,9,EXCU19,2581,ALLI,1,9,ALLI19,286,jasc,1,f,jasc1f,988,eute,1,k,eute1k,1689,mede,1,i,mede1i,2195,ACPA,1,2,ACPA12,196,ALLI,1,1,ALLI11,2297,lepa,1,j,lepa1j,299,cota,1,d,cota1d,19104,ANBA,1,5,ANBA15,25105,mede,1,c,mede1c,25110,penu,1,d,penu1d,8111,basp,1,c,basp1c,21113,penu,1,c,penu1c,29119,acel,1,b,acel1b,14122,basp,1,f,basp1f,22125,EUTE,1,6,EUTE16,24129,alli,1,c,alli1c,25130,pepu,1,e,pepu1e,18134,hase,1,l,hase1l,9137,eute,1,a,eute1a,13138,JASC,1,7,JASC17,11139,anba,1,h,anba1h,9140,EUTE,1,9,EUTE19,5143,PELI,1,4,PELI14,14148,pepu,1,a,pepu1a,19154,EUSC,1,9,EUSC19,10155,EUSC,1,13,EUSC113,11159,lepa,1,b,lepa1b,14161,ANBA,1,14,ANBA114,29171,peli,1,c,peli1c,29172,leer,1,c,leer1c,27173,lepa,1,a,lepa1a,4174,ripi,1,j,ripi1j,21175,jasc,1,d,jasc1d,14178,alli,1,a,alli1a,23183,excu,1,a,excu1a,12194,baae,1,g,baae1g,10197,ANBA,1,13,ANBA113,27201,acel,1,h,acel1h,10202,pepu,1,f,pepu1f,7204,cali,1,f,cali1f,22212,eusc,1,f,eusc1f,6213,eusc,1,k,eusc1k,10214,eusc,1,g,eusc1g,8219,mede,1,b,mede1b,30230,mede,1,e,mede1e,13236,JASC,1,17,JASC117,21240,cota,1,g,cota1g,14242,jasc,1,a,jasc1a,26244,PELI,1,17,PELI117,7245,isan,1,d,isan1d,9248,ANBA,1,7,ANBA17,19249,excu,1,d,excu1d,7255,mede,1,j,mede1j,20256,excu,1,g,excu1g,11257,JASC,1,16,JASC116,23258,LEPA,1,4,LEPA14,16268,pepu,1,b,pepu1b,22269,acel,1,a,acel1a,12270,PELI,1,16,PELI116,22271,ripi,1,i,ripi1i,1277,cota,1,e,cota1e,1278,jasc,1,g,jasc1g,22279,anba,1,j,anba1j,5289,olst,1,c,olst1c,19292,acpa,1,d,acpa1d,15296,EXCU,1,2,EXCU12,20299,EUSC,1,3,EUSC13,14307,baae,1,c,baae1c,2309,acel,1,k,acel1k,26310,EUTE,1,8,EUTE18,19311,lepa,1,g,lepa1g,13313,PEPU,1,3,PEPU13,16315,anba,1,a,anba1a,4318,acpa,1,a,acpa1a,3320,PEPU,1,5,PEPU15,27321,eute,1,c,eute1c,26327,EUTE,1,4,EUTE14,15333,EUTE,1,13,EUTE113,22346,penu,1,b,penu1b,4350,ALLI,1,6,ALLI16,27352,MEDE,1,11,MEDE111,1353,pepu,1,k,pepu1k,30356,pepu,1,g,pepu1g,5357,olst,1,a,olst1a,3361,EXCU,1,6,EXCU16,1363,eute,1,g,eute1g,17365,acpa,1,g,acpa1g,25372,EUSC,1,10,EUSC110,18374,JASC,1,11,JASC111,18376,ANBA,1,11,ANBA111,14377,EUSC,1,5,EUSC15,17378,acel,1,l,acel1l,1379,eute,1,h,eute1h,27380,ALLI,1,13,ALLI113,10381,jasc,1,l,jasc1l,12383,LEPA,1,5,LEPA15,12388,ripi,1,g,ripi1g,17391,cota,1,b,cota1b,9395,baae,1,e,baae1e,29396,lepa,1,l,lepa1l,28397,anba,1,e,anba1e,28400,EUTE,1,1,EUTE11,4403,excu,1,b,excu1b,16405,LEPA,1,9,LEPA19,9407,mede,1,g,mede1g,1408,leer,1,a,leer1a,14416,PEPU,1,1,PEPU11,30419,alli,1,f,alli1f,22421,cali,1,h,cali1h,2423,acel,1,c,acel1c,23426,hase,1,g,hase1g,23428,alli,1,d,alli1d,17429,jasc,1,i,jasc1i,11431,penu,1,a,penu1a,17435,MEDE,1,15,MEDE115,21437,hase,1,i,hase1i,29442,acel,1,f,acel1f,15444,jasc,1,b,jasc1b,3448,EUSC,1,1,EUSC11,7449,isan,1,c,isan1c,20455,basp,1,a,basp1a,26464,isan,1,i,isan1i,7467,pepu,1,i,pepu1i,8468,EUSC,1,12,EUSC112,5470,pepu,1,c,pepu1c,10471,ACPA,1,3,ACPA13,30472,acpa,1,e,acpa1e,9474,ALLI,1,12,ALLI112,17475,EUSC,1,11,EUSC111,9477,acel,1,d,acel1d,8479,cali,1,g,cali1g,9497,alli,1,j,alli1j,13498,mede,1,d,mede1d,6502,acpa,1,k,acpa1k,4506,peli,1,a,peli1a,15508,EUSC,1,16,EUSC116,19516,cali,1,c,cali1c,5517,hase,1,h,hase1h,8524,pepu,1,d,pepu1d,28532,LEPA,1,3,LEPA13,4533,mede,1,f,mede1f,26537,acpa,1,c,acpa1c,20539,alli,1,h,alli1h,9544,basp,1,d,basp1d,23545,acpa,1,i,acpa1i,1547,ACPA,1,6,ACPA16,3552,basp,1,e,basp1e,3553,baae,1,b,baae1b,5561,EUTE,1,7,EUTE17,21566,olst,1,d,olst1d,25568,MEDE,1,6,MEDE16,6573,peli,1,i,peli1i,7575,lepa,1,e,lepa1e,8576,MEDE,1,9,MEDE19,11577,excu,1,h,excu1h,1584,mede,1,k,mede1k,24586,peli,1,l,peli1l,1595,EUSC,1,14,EUSC114,25601,eute,1,j,eute1j,25602,ACPA,1,16,ACPA116,27605,BAAE,1,3,BAAE13,6607,PELI,1,1,PELI11,26608,ACPA,1,9,ACPA19,13612,ANBA,1,6,ANBA16,23613,LEPA,1,1,LEPA11,21614,cota,1,f,cota1f,11616,JASC,1,14,JASC114,19618,ripi,1,f,ripi1f,20619,PELI,1,6,PELI16,2626,isan,1,f,isan1f,22627,EXCU,1,7,EXCU17,29628,excu,1,e,excu1e,25629,jasc,1,h,jasc1h,4633,EUTE,1,5,EUTE15,20638,basp,1,g,basp1g,6647,eute,1,d,eute1d,18651,ANBA,1,9,ANBA19,10653,ANBA,1,12,ANBA112,2654,isan,1,a,isan1a,11655,peli,1,j,peli1j,30656,jasc,1,k,jasc1k,30662,isan,1,b,isan1b,13664,eusc,1,h,eusc1h,20667,JASC,1,3,JASC13,14668,hase,1,d,hase1d,17670,alli,1,b,alli1b,5672,ACPA,1,4,ACPA14,23678,MEDE,1,4,MEDE14,18683,PELI,1,10,PELI110,12684,eusc,1,a,eusc1a,5687,hase,1,c,hase1c,19693,hase,1,e,hase1e,13694,eusc,1,i,eusc1i,7696,PEPU,1,11,PEPU111,26701,BAAE,1,5,BAAE15,3707,peli,1,b,peli1b,11711,PEPU,1,10,PEPU110,5717,PEPU,1,2,PEPU12,11723,basp,1,h,basp1h,27726,EXCU,1,5,EXCU15,21727,EXCU,1,8,EXCU18,26731,JASC,1,13,JASC113,3743,PELI,1,14,PELI114,23758,acel,1,e,acel1e,16759,ALLI,1,15,ALLI115,25760,JASC,1,15,JASC115,4762,PELI,1,18,PELI118,21777,cali,1,k,cali1k,10778,pepu,1,l,pepu1l,29780,lepa,1,f,lepa1f,20781,ALLI,1,7,ALLI17,21788,baae,1,a,baae1a,22789,PELI,1,15,PELI115,27796,ACPA,1,13,ACPA113,15798,lepa,1,h,lepa1h,16800,peli,1,d,peli1d,9804,hase,1,f,hase1f,16805,cota,1,c,cota1c,6806,excu,1,i,excu1i,26814,LEPA,1,2,LEPA12,3816,alli,1,g,alli1g,4818,eute,1,e,eute1e,22820,olst,1,b,olst1b,18822,alli,1,i,alli1i,19826,PEPU,1,9,PEPU19,18833,hase,1,b,hase1b,30841,BAAE,1,11,BAAE111,29842,cali,1,e,cali1e,20848,mede,1,l,mede1l,23854,EXCU,1,4,EXCU14,2856,EUTE,1,3,EUTE13,12866,anba,1,b,anba1b,27868,acpa,1,j,acpa1j,21869,alli,1,e,alli1e,7872,basp,1,j,basp1j,9873,eute,1,l,eute1l,23875,BAAE,1,9,BAAE19,10879,ripi,1,k,ripi1k,29880,LEPA,1,7,LEPA17,23882,anba,1,f,anba1f,8883,PEPU,1,8,PEPU18,6886,olst,1,k,olst1k,9888,EUTE,1,10,EUTE110,14890,pepu,1,h,pepu1h,21896,ANBA,1,1,ANBA11,17900,BAAE,1,6,BAAE16,13902,baae,1,f,baae1f,4909,BAAE,1,2,BAAE12,15910,cali,1,a,cali1a,13911,olst,1,g,olst1g,28913,jasc,1,j,jasc1j,19914,olst,1,h,olst1h,12917,PELI,1,5,PELI15,16920,peli,1,e,peli1e,21922,MEDE,1,8,MEDE18,29925,leer,1,e,leer1e,21930,ACPA,1,11,ACPA111,8931,PEPU,1,13,PEPU113,23932,eute,1,f,eute1f,2933,anba,1,c,anba1c,12936,excu,1,c,excu1c,8940,ALLI,1,4,ALLI14,8941,cota,1,h,cota1h,10944,jasc,1,e,jasc1e,6946,jasc,1,c,jasc1c,29951,excu,1,k,excu1k,9953,ALLI,1,5,ALLI15,9954,ANBA,1,2,ANBA12,20956,hase,1,k,hase1k,18957,acpa,1,b,acpa1b,13958,PEPU,1,7,PEPU17,21959,ALLI,1,14,ALLI114,4960,acel,1,g,acel1g,29961,anba,1,g,anba1g,6974,eusc,1,d,eusc1d,2975,peli,1,f,peli1f,18978,penu,1,e,penu1e,2980,alli,1,l,alli1l,1982,JASC,1,8,JASC18,30992,LEPA,1,6,LEPA16,26993,EUTE,1,15,EUTE115,29998,ripi,1,d,ripi1d,28999,basp,1,i,basp1i,141005,ANBA,1,4,ANBA14,11009,PEPU,1,4,PEPU14,281010,ANBA,1,16,ANBA116,61011,eusc,1,b,eusc1b,271012,EXCU,1,1,EXCU11,131014,BAAE,1,10,BAAE110,11019,PELI,1,3,PELI13,152,BAAE,2,5,BAAE25,246,PEPU,2,3,PEPU23,77,cota,2,d,cota2d,312,basp,2,k,basp2k,813,eusc,2,d,eusc2d,316,alli,2,h,alli2h,2620,jasc,2,f,jasc2f,1026,cali,2,g,cali2g,1427,anba,2,j,anba2j,2429,excu,2,i,excu2i,1732,eute,2,c,eute2c,836,basp,2,c,basp2c,537,cali,2,i,cali2i,1945,acel,2,b,acel2b,347,lepa,2,c,lepa2c,1149,BAAE,2,11,BAAE211,1750,JASC,2,5,JASC25,2753,anba,2,f,anba2f,2356,PEPU,2,4,PEPU24,2957,peli,2,k,peli2k,367,lepa,2,f,lepa2f,368,peli,2,i,peli2i,1372,cali,2,a,cali2a,2576,basp,2,j,basp2j,1379,ANBA,2,15,ANBA215,782,baae,2,c,baae2c,883,ALLI,2,12,ALLI212,1184,excu,2,j,excu2j,1992,MEDE,2,8,MEDE28,30103,eute,2,k,eute2k,20107,PEPU,2,10,PEPU210,13108,MEDE,2,16,MEDE216,12109,olst,2,j,olst2j,26115,LEPA,2,3,LEPA23,15116,baae,2,q,baae2q,24127,acel,2,c,acel2c,25131,olst,2,b,olst2b,24132,EUTE,2,7,EUTE27,30135,JASC,2,1,JASC21,9145,ANBA,2,13,ANBA213,22146,ripi,2,i,ripi2i,4150,eute,2,a,eute2a,24152,lepa,2,j,lepa2j,10156,acel,2,e,acel2e,7157,olst,2,d,olst2d,16160,EXCU,2,9,EXCU29,18170,BAAE,2,14,BAAE214,21180,ANBA,2,7,ANBA27,18181,BAAE,2,8,BAAE28,22182,ALLI,2,3,ALLI23,12190,EUSC,2,2,EUSC22,16191,ALLI,2,14,ALLI214,14195,ripi,2,l,ripi2l,15200,EXCU,2,11,EXCU211,24205,EXCU,2,7,EXCU27,6206,penu,2,h,penu2h,10208,eute,2,b,eute2b,19209,EXCU,2,8,EXCU28,4215,acel,2,f,acel2f,24216,penu,2,j,penu2j,15221,anba,2,i,anba2i,13222,ALLI,2,4,ALLI24,13223,pepu,2,f,pepu2f,15225,PELI,2,3,PELI23,18226,PEPU,2,6,PEPU26,20233,PELI,2,5,PELI25,3243,eute,2,l,eute2l,3246,acel,2,g,acel2g,27252,MEDE,2,14,MEDE214,25260,excu,2,l,excu2l,14261,EUTE,2,8,EUTE28,23265,jasc,2,c,jasc2c,17266,cali,2,k,cali2k,23267,EUSC,2,13,EUSC213,2275,ripi,2,g,ripi2g,6280,anba,2,b,anba2b,22282,JASC,2,8,JASC28,6284,baae,2,d,baae2d,26295,PEPU,2,1,PEPU21,15300,jasc,2,k,jasc2k,7301,alli,2,e,alli2e,27303,ANBA,2,5,ANBA25,30305,ANBA,2,3,ANBA23,3308,ANBA,2,11,ANBA211,16312,ALLI,2,2,ALLI22,19316,LEPA,2,6,LEPA26,24319,alli,2,b,alli2b,6322,hase,2,f,hase2f,20323,jasc,2,a,jasc2a,16324,ANBA,2,9,ANBA29,26325,LEPA,2,2,LEPA22,10326,mede,2,i,mede2i,15331,MEDE,2,13,MEDE213,23335,alli,2,a,alli2a,24337,EXCU,2,1,EXCU21,30338,cota,2,f,cota2f,24340,JASC,2,11,JASC211,29341,cota,2,a,cota2a,26342,mede,2,a,mede2a,3344,PEPU,2,12,PEPU212,2347,alli,2,c,alli2c,14348,ANBA,2,10,ANBA210,28355,ALLI,2,11,ALLI211,1358,JASC,2,10,JASC210,20359,alli,2,f,alli2f,20360,basp,2,f,basp2f,17364,MEDE,2,2,MEDE22,8367,MEDE,2,11,MEDE211,2368,LEPA,2,7,LEPA27,30370,ALLI,2,13,ALLI213,26371,EXCU,2,3,EXCU23,17384,JASC,2,6,JASC26,7386,EUSC,2,5,EUSC25,23387,hase,2,h,hase2h,6389,EUSC,2,8,EUSC28,28390,ripi,2,e,ripi2e,25392,basp,2,d,basp2d,20401,eusc,2,f,eusc2f,17406,lepa,2,e,lepa2e,30409,cota,2,c,cota2c,18411,EUSC,2,1,EUSC21,22412,mede,2,c,mede2c,11413,cota,2,e,cota2e,25414,BAAE,2,6,BAAE26,8418,MEDE,2,15,MEDE215,27424,EUTE,2,5,EUTE25,16438,basp,2,g,basp2g,12439,excu,2,f,excu2f,5440,olst,2,i,olst2i,5443,eusc,2,l,eusc2l,30445,olst,2,e,olst2e,13446,JASC,2,3,JASC23,8458,acel,2,a,acel2a,9460,excu,2,k,excu2k,2462,pepu,2,a,pepu2a,9478,lepa,2,g,lepa2g,22480,alli,2,l,alli2l,12482,mede,2,h,mede2h,7483,penu,2,n,penu2n,20485,BAAE,2,16,BAAE216,25488,eute,2,j,eute2j,30490,mede,2,e,mede2e,28491,isan,2,b,isan2b,10492,cali,2,b,cali2b,30501,excu,2,d,excu2d,6505,lepa,2,k,lepa2k,7519,ANBA,2,6,ANBA26,12520,mede,2,d,mede2d,10523,EXCU,2,12,EXCU212,23525,LEPA,2,8,LEPA28,18527,BAAE,2,3,BAAE23,14528,penu,2,i,penu2i,9534,cota,2,h,cota2h,2535,pepu,2,h,pepu2h,23536,ripi,2,d,ripi2d,22538,peli,2,g,peli2g,27540,hase,2,a,hase2a,22541,jasc,2,g,jasc2g,13543,olst,2,g,olst2g,17546,eute,2,d,eute2d,14548,jasc,2,h,jasc2h,18549,peli,2,f,peli2f,26550,anba,2,k,anba2k,29556,ANBA,2,4,ANBA24,21560,baae,2,f,baae2f,15562,penu,2,d,penu2d,24565,eusc,2,i,eusc2i,22569,eute,2,e,eute2e,15574,JASC,2,9,JASC29,26578,baae,2,a,baae2a,27583,olst,2,h,olst2h,27588,MEDE,2,3,MEDE23,19596,ripi,2,b,ripi2b,19599,eusc,2,e,eusc2e,15609,eute,2,g,eute2g,6610,peli,2,e,peli2e,24622,LEPA,2,5,LEPA25,6625,EUSC,2,9,EUSC29,8632,hase,2,l,hase2l,26635,acel,2,i,acel2i,4636,alli,2,d,alli2d,30637,baae,2,l,baae2l,28639,baae,2,o,baae2o,21641,pepu,2,b,pepu2b,14644,EUSC,2,16,EUSC216,24646,LEPA,2,4,LEPA24,14650,EXCU,2,5,EXCU25,14652,anba,2,c,anba2c,7660,mede,2,l,mede2l,17669,peli,2,j,peli2j,6671,penu,2,m,penu2m,22673,acel,2,h,acel2h,11677,isan,2,e,isan2e,30680,hase,2,c,hase2c,12686,hase,2,g,hase2g,2688,eusc,2,g,eusc2g,14690,basp,2,h,basp2h,1695,PELI,2,4,PELI24,30697,lepa,2,h,lepa2h,25705,pepu,2,g,pepu2g,6712,EUTE,2,3,EUTE23,6713,MEDE,2,7,MEDE27,5715,hase,2,b,hase2b,21716,penu,2,a,penu2a,7718,olst,2,c,olst2c,15720,anba,2,a,anba2a,1721,penu,2,c,penu2c,18728,excu,2,b,excu2b,28729,BAAE,2,15,BAAE215,23730,anba,2,e,anba2e,16732,basp,2,m,basp2m,24744,pepu,2,i,pepu2i,24750,olst,2,f,olst2f,6752,jasc,2,e,jasc2e,1757,peli,2,d,peli2d,17761,olst,2,a,olst2a,29763,peli,2,h,peli2h,10764,MEDE,2,4,MEDE24,9765,BAAE,2,12,BAAE212,5768,acel,2,d,acel2d,2771,isan,2,f,isan2f,12772,peli,2,l,peli2l,16773,JASC,2,19,JASC219,22776,eusc,2,h,eusc2h,4779,alli,2,g,alli2g,8783,cali,2,d,cali2d,16791,pepu,2,d,pepu2d,1795,penu,2,f,penu2f,27799,eusc,2,a,eusc2a,28801,lepa,2,d,lepa2d,21807,EXCU,2,4,EXCU24,7815,penu,2,g,penu2g,21817,baae,2,g,baae2g,9828,lepa,2,b,lepa2b,9830,anba,2,d,anba2d,17832,pepu,2,e,pepu2e,16838,eusc,2,k,eusc2k,26844,PEPU,2,2,PEPU22,19845,peli,2,a,peli2a,2846,eusc,2,b,eusc2b,12847,excu,2,h,excu2h,3850,mede,2,g,mede2g,27852,ripi,2,a,ripi2a,12855,ripi,2,k,ripi2k,16857,cali,2,c,cali2c,3859,PELI,2,2,PELI22,13861,EUTE,2,2,EUTE22,18863,jasc,2,j,jasc2j,24864,isan,2,a,isan2a,29874,PEPU,2,11,PEPU211,22876,penu,2,b,penu2b,19878,ripi,2,j,ripi2j,24881,ALLI,2,1,ALLI21,6894,JASC,2,4,JASC24,15895,LEPA,2,1,LEPA21,22897,baae,2,m,baae2m,18901,jasc,2,d,jasc2d,25905,isan,2,c,isan2c,28908,jasc,2,b,jasc2b,2912,pepu,2,j,pepu2j,3918,PEPU,2,8,PEPU28,1924,MEDE,2,1,MEDE21,3927,excu,2,c,excu2c,20929,baae,2,i,baae2i,7934,eusc,2,j,eusc2j,19935,ALLI,2,7,ALLI27,16937,EUSC,2,10,EUSC210,4942,alli,2,j,alli2j,18947,anba,2,l,anba2l,11948,mede,2,f,mede2f,12950,basp,2,i,basp2i,11955,pepu,2,l,pepu2l,20962,baae,2,j,baae2j,30963,BAAE,2,7,BAAE27,30966,basp,2,b,basp2b,2967,hase,2,d,hase2d,14968,cali,2,h,cali2h,26969,acel,2,l,acel2l,5971,cali,2,f,cali2f,24972,PEPU,2,13,PEPU213,3976,ripi,2,f,ripi2f,11979,penu,2,k,penu2k,12989,cali,2,e,cali2e,15991,cota,2,g,cota2g,29994,baae,2,h,baae2h,17996,excu,2,e,excu2e,41001,PEPU,2,5,PEPU25,101008,baae,2,n,baae2n,251013,cali,2,j,cali2j,211015,hase,2,j,hase2j,51016,PELI,2,1,PELI21,61018,lepa,2,i,lepa2i,59,alli,3,d,alli3d,1115,ripi,3,i,ripi3i,717,acpa,3,e,acpa3e,2418,cota,3,a,cota3a,2119,ALLI,3,16,ALLI316,722,jasc,3,i,jasc3i,828,baae,3,i,baae3i,130,hase,3,i,hase3i,2431,EUTE,3,7,EUTE37,2633,eusc,3,j,eusc3j,2438,BAAE,3,8,BAAE38,1839,mede,3,g,mede3g,840,cali,3,e,cali3e,2941,leer,3,a,leer3a,2542,lepa,3,a,lepa3a,2448,eusc,3,i,eusc3i,1851,cota,3,d,cota3d,454,PELI,3,3,PELI33,1962,ALLI,3,15,ALLI315,563,hase,3,f,hase3f,1165,cali,3,f,cali3f,674,baae,3,b,baae3b,385,JASC,3,11,JASC311,2487,cali,3,l,cali3l,1791,eute,3,f,eute3f,1198,peli,3,l,peli3l,12100,basp,3,c,basp3c,28101,hase,3,d,hase3d,10102,BAAE,3,16,BAAE316,9106,cota,3,b,cota3b,5112,lepa,3,i,lepa3i,15114,baae,3,h,baae3h,6117,cali,3,j,cali3j,4118,BAAE,3,2,BAAE32,28120,JASC,3,18,JASC318,10121,penu,3,c,penu3c,16123,acpa,3,i,acpa3i,19124,JASC,3,6,JASC36,16126,cali,3,a,cali3a,1128,MEDE,3,11,MEDE311,4133,eusc,3,c,eusc3c,16136,excu,3,g,excu3g,18142,eute,3,d,eute3d,1147,anba,3,a,anba3a,14149,acpa,3,d,acpa3d,5151,lepa,3,e,lepa3e,18158,basp,3,m,basp3m,10162,peli,3,c,peli3c,20163,EUTE,3,18,EUTE318,28165,mede,3,k,mede3k,9166,EUTE,3,1,EUTE31,3167,ACPA,3,11,ACPA311,6168,anba,3,e,anba3e,19176,peli,3,h,peli3h,4177,lepa,3,d,lepa3d,1179,pepu,3,j,pepu3j,25184,acpa,3,k,acpa3k,16185,ANBA,3,15,ANBA315,24186,BAAE,3,5,BAAE35,7187,hase,3,e,hase3e,4189,PELI,3,11,PELI311,1192,mede,3,f,mede3f,22193,ANBA,3,11,ANBA311,4198,LEPA,3,7,LEPA37,5199,LEPA,3,11,LEPA311,17203,PEPU,3,4,PEPU34,17207,basp,3,h,basp3h,30210,EUSC,3,1,EUSC31,3211,eute,3,i,eute3i,10218,ANBA,3,8,ANBA38,9224,acpa,3,c,acpa3c,10228,eute,3,j,eute3j,28229,excu,3,f,excu3f,10235,PELI,3,6,PELI36,24237,ANBA,3,16,ANBA316,11239,acpa,3,b,acpa3b,12247,MEDE,3,4,MEDE34,15250,jasc,3,b,jasc3b,27253,EUSC,3,5,EUSC35,13254,JASC,3,19,JASC319,1259,ANBA,3,9,ANBA39,15263,EUTE,3,12,EUTE312,2264,JASC,3,4,JASC34,13272,PELI,3,13,PELI313,11273,ripi,3,g,ripi3g,18281,ripi,3,l,ripi3l,14283,isan,3,d,isan3d,3285,isan,3,b,isan3b,16287,pepu,3,i,pepu3i,26290,ripi,3,b,ripi3b,30291,lepa,3,h,lepa3h,29298,lepa,3,f,lepa3f,27302,pepu,3,l,pepu3l,13304,olst,3,a,olst3a,14306,isan,3,c,isan3c,6314,BAAE,3,3,BAAE33,20317,BAAE,3,14,BAAE314,19328,eute,3,g,eute3g,12329,jasc,3,e,jasc3e,5332,peli,3,k,peli3k,22334,olst,3,b,olst3b,23336,cali,3,k,cali3k,11343,ALLI,3,13,ALLI313,28349,PEPU,3,6,PEPU36,24354,JASC,3,16,JASC316,5373,MEDE,3,3,MEDE33,28382,MEDE,3,13,MEDE313,17385,basp,3,a,basp3a,19393,anba,3,h,anba3h,26394,EUTE,3,17,EUTE317,25399,EUTE,3,10,EUTE310,17402,basp,3,j,basp3j,25404,ALLI,3,12,ALLI312,30410,EUTE,3,16,EUTE316,7415,acpa,3,f,acpa3f,6417,baae,3,d,baae3d,16420,isan,3,e,isan3e,18422,excu,3,a,excu3a,15425,eute,3,e,eute3e,21427,ACPA,3,1,ACPA31,18430,eusc,3,k,eusc3k,21432,basp,3,i,basp3i,7433,pepu,3,a,pepu3a,27434,peli,3,b,peli3b,23441,ACPA,3,6,ACPA36,5451,excu,3,j,excu3j,22452,ripi,3,c,ripi3c,2453,ALLI,3,11,ALLI311,24454,ALLI,3,8,ALLI38,3457,PEPU,3,8,PEPU38,12459,ripi,3,k,ripi3k,23461,EXCU,3,11,EXCU311,28463,BAAE,3,1,BAAE31,16465,PELI,3,1,PELI31,28466,hase,3,l,hase3l,27469,anba,3,i,anba3i,15473,mede,3,h,mede3h,5476,LEPA,3,2,LEPA32,19486,baae,3,e,baae3e,20489,acpa,3,a,acpa3a,11493,acpa,3,l,acpa3l,2499,isan,3,a,isan3a,15500,ANBA,3,1,ANBA31,8503,LEPA,3,8,LEPA38,13504,peli,3,i,peli3i,28509,EUTE,3,4,EUTE34,11510,ripi,3,d,ripi3d,5511,MEDE,3,12,MEDE312,26512,basp,3,k,basp3k,29513,hase,3,k,hase3k,1514,LEPA,3,3,LEPA33,8515,ripi,3,j,ripi3j,13518,cali,3,b,cali3b,7521,ACPA,3,15,ACPA315,7522,ACPA,3,9,ACPA39,21526,ACPA,3,10,ACPA310,29529,eusc,3,a,eusc3a,25531,baae,3,a,baae3a,19542,EXCU,3,3,EXCU33,15554,ACPA,3,3,ACPA33,20555,ripi,3,h,ripi3h,27558,pepu,3,g,pepu3g,2559,EXCU,3,7,EXCU37,22563,ALLI,3,4,ALLI34,18567,pepu,3,b,pepu3b,12570,hase,3,c,hase3c,15571,EUSC,3,4,EUSC34,6579,hase,3,b,hase3b,7580,BAAE,3,9,BAAE39,4581,BAAE,3,11,BAAE311,2582,mede,3,j,mede3j,14589,BAAE,3,15,BAAE315,27590,PEPU,3,5,PEPU35,8591,basp,3,g,basp3g,18592,jasc,3,d,jasc3d,23593,peli,3,g,peli3g,19594,eute,3,c,eute3c,29597,ACPA,3,14,ACPA314,11598,excu,3,k,excu3k,29603,JASC,3,5,JASC35,17604,excu,3,c,excu3c,13606,cali,3,c,cali3c,12611,EUTE,3,13,EUTE313,13617,EUSC,3,12,EUSC312,27620,penu,3,g,penu3g,6621,EXCU,3,8,EXCU38,8623,EUTE,3,3,EUTE33,8630,ripi,3,f,ripi3f,10631,excu,3,e,excu3e,21634,mede,3,b,mede3b,19640,pepu,3,f,pepu3f,11642,ACPA,3,5,ACPA35,12643,MEDE,3,10,MEDE310,10645,jasc,3,h,jasc3h,28648,mede,3,i,mede3i,29649,PELI,3,4,PELI34,5657,eusc,3,b,eusc3b,9658,ALLI,3,7,ALLI37,23663,excu,3,i,excu3i,24665,ACPA,3,13,ACPA313,24666,ripi,3,e,ripi3e,3676,eusc,3,e,eusc3e,11679,alli,3,c,alli3c,28681,baae,3,f,baae3f,14682,EUSC,3,11,EUSC311,26685,pepu,3,d,pepu3d,4689,EUTE,3,14,EUTE314,10691,anba,3,b,anba3b,25692,PELI,3,5,PELI35,4698,anba,3,l,anba3l,18699,ANBA,3,3,ANBA33,5702,excu,3,d,excu3d,30703,ANBA,3,10,ANBA310,13704,PEPU,3,7,PEPU37,9708,eute,3,k,eute3k,7709,EUSC,3,2,EUSC32,12710,eusc,3,d,eusc3d,23714,EUSC,3,9,EUSC39,20722,anba,3,g,anba3g,20724,isan,3,g,isan3g,25725,eusc,3,l,eusc3l,1734,mede,3,a,mede3a,16735,EXCU,3,4,EXCU34,19737,LEPA,3,5,LEPA35,2738,MEDE,3,14,MEDE314,20739,ripi,3,a,ripi3a,8741,EXCU,3,9,EXCU39,3745,alli,3,g,alli3g,15746,anba,3,j,anba3j,10747,anba,3,d,anba3d,30748,JASC,3,7,JASC37,28751,lepa,3,k,lepa3k,6753,penu,3,b,penu3b,26755,basp,3,f,basp3f,16756,EXCU,3,10,EXCU310,27767,anba,3,f,anba3f,21774,cali,3,i,cali3i,18782,EUSC,3,14,EUSC314,1786,baae,3,c,baae3c,13787,LEPA,3,6,LEPA36,25790,EXCU,3,12,EXCU312,10792,EUSC,3,6,EUSC36,21793,EUTE,3,2,EUTE32,1794,MEDE,3,9,MEDE39,24797,PELI,3,8,PELI38,20802,cali,3,d,cali3d,28803,ALLI,3,1,ALLI31,15808,peli,3,f,peli3f,8809,MEDE,3,6,MEDE36,7810,EUTE,3,5,EUTE35,9811,BAAE,3,6,BAAE36,26812,EUSC,3,8,EUSC38,15813,eute,3,b,eute3b,4819,ALLI,3,3,ALLI33,29823,jasc,3,g,jasc3g,20824,PEPU,3,10,PEPU310,25825,alli,3,l,alli3l,16827,BAAE,3,7,BAAE37,12831,penu,3,d,penu3d,3834,EXCU,3,13,EXCU313,5836,penu,3,h,penu3h,5837,EXCU,3,1,EXCU31,12839,alli,3,b,alli3b,10840,pepu,3,e,pepu3e,17843,PEPU,3,3,PEPU33,4849,PELI,3,2,PELI32,10851,hase,3,g,hase3g,25853,EUTE,3,11,EUTE311,27858,baae,3,l,baae3l,23860,isan,3,f,isan3f,8865,jasc,3,a,jasc3a,21867,EUSC,3,10,EUSC310,29870,baae,3,j,baae3j,12871,penu,3,e,penu3e,13877,cali,3,g,cali3g,8884,alli,3,j,alli3j,3887,lepa,3,b,lepa3b,17889,eute,3,l,eute3l,9891,baae,3,k,baae3k,11892,PEPU,3,11,PEPU311,14898,lepa,3,l,lepa3l,12903,MEDE,3,1,MEDE31,16904,hase,3,a,hase3a,28906,peli,3,d,peli3d,14907,alli,3,a,alli3a,2916,mede,3,d,mede3d,2919,PELI,3,9,PELI39,25921,LEPA,3,1,LEPA31,28923,JASC,3,14,JASC314,25928,JASC,3,8,JASC38,2938,EXCU,3,5,EXCU35,16945,peli,3,a,peli3a,5949,lepa,3,g,lepa3g,23952,anba,3,c,anba3c,2964,BAAE,3,12,BAAE312,11970,basp,3,z,basp3z,15973,alli,3,f,alli3f,21977,penu,3,i,penu3i,25981,MEDE,3,2,MEDE32,22983,mede,3,l,mede3l,4984,PELI,3,12,PELI312,8985,ACPA,3,12,ACPA312,26986,lepa,3,c,lepa3c,19988,excu,3,h,excu3h,23990,alli,3,i,alli3i,29997,JASC,3,3,JASC33,121000,MEDE,3,16,MEDE316,131002,jasc,3,f,jasc3f,151003,basp,3,e,basp3e,41006,eusc,3,g,eusc3g,291007,eusc,3,h,eusc3h,131017,EXCU,3,2,EXCU32,91020,penu,3,f,penu3f,11,LEPA,4,5,LEPA45,111,acpa,4,k,acpa4k,2714,ACPA,4,1,ACPA41,1455,isan,4,b,isan4b,2658,acpa,4,c,acpa4c,2875,acpa,4,b,acpa4b,1790,acpa,4,d,acpa4d,22153,ACPA,4,12,ACPA412,16169,ACPA,4,15,ACPA415,17196,ACPA,4,2,ACPA42,4217,cota,4,d,cota4d,23220,acpa,4,f,acpa4f,29274,olst,4,h,olst4h,7276,LEPA,4,6,LEPA46,27339,acpa,4,g,acpa4g,30351,olst,4,e,olst4e,11398,olst,4,f,olst4f,4484,penu,4,c,penu4c,14487,olst,4,i,olst4i,30495,ACPA,4,10,ACPA410,19507,ACPA,4,11,ACPA411,9557,ACPA,4,6,ACPA46,28564,LEPA,4,7,LEPA47,7585,acpa,4,e,acpa4e,23587,cota,4,a,cota4a,15600,leer,4,a,leer4a,29659,olst,4,c,olst4c,10661,leer,4,b,leer4b,8674,penu,4,d,penu4d,30706,acpa,4,h,acpa4h,18719,acpa,4,l,acpa4l,14740,ACPA,4,8,ACPA48,10749,acpa,4,i,acpa4i,26754,isan,4,c,isan4c,1766,LEPA,4,1,LEPA41,20770,LEPA,4,3,LEPA43,29784,olst,4,b,olst4b,8821,LEPA,4,4,LEPA44,11829,acpa,4,a,acpa4a,7835,ACPA,4,9,ACPA49,22893,acpa,4,j,acpa4j,8915,olst,4,g,olst4g,22987,olst,4,a,olst4a,213,acel,5,f,acel5f,1925,acel,5,a,acel5a,2134,cota,5,b,cota5b,22144,acel,5,k,acel5k,30164,acel,5,l,acel5l,17188,isan,5,k,isan5k,14231,acel,5,h,acel5h,13238,isan,5,i,isan5i,19241,leer,5,a,leer5a,12251,acel,5,d,acel5d,20288,isan,5,b,isan5b,24293,acel,5,e,acel5e,18294,isan,5,h,isan5h,23345,penu,5,d,penu5d,28362,leer,5,b,leer5b,6369,cota,5,d,cota5d,16375,isan,5,c,isan5c,21447,cota,5,e,cota5e,27456,isan,5,a,isan5a,4481,acel,5,c,acel5c,28551,isan,5,j,isan5j,17615,isan,5,f,isan5f,5675,acel,5,j,acel5j,6733,penu,5,a,penu5a,11775,acel,5,i,acel5i,22862,cota,5,c,cota5c,12939,penu,5,b,penu5b,23943,isan,5,d,isan5d,27965,isan,5,e,isan5e,2995,cota,5,a,cota5a,893,leer,6,c,leer6c,2262,cota,6,e,cota6e,28330,leer,6,a,leer6a,17366,cota,6,a,cota6a,30494,cota,6,b,cota6b,17624,leer,6,b,leer6b,20736,cota,6,c,cota6c,20926,cota,6,d,cota6d,7450,leer,7,f,leer7f,22496,leer,7,c,leer7c,9530,leer,7,e,leer7e,15742,leer,7,b,leer7b,10785,leer,7,d,leer7d,1394,leer,8,f,leer8f,7232,leer,8,d,leer8d,3234,leer,8,a,leer8a,4286,leer,8,e,leer8e,30572,leer,8,b,leer8b,11899,leer,8,c,leer8c,19141,leer,9,b,leer9b,26436,leer,9,c,leer9c,11004,leer,9,d,leer9d,5227,leer,10,c,leer10c,28297,leer,10,d,leer10d,18700,leer,10,a,leer10a,16769,leer,10,e,leer10e,24885,leer,10,b,leer10b,23